itemId,index
B00ME7YUIU,0
B01CG2HI0E,1
B01E7G1AU6,2
B01DKL3SEK,3
B00062N40A,4
B0008JIQUO,5
B000BP0NAQ,6
B01FWZUKWU,7
B0053DSWJA,8
B001AO9IRG,9
B003LZTYWG,10
B01E8LPNGC,11
B006V1RJFG,12
B005B8LZ14,13
B007KDYOMU,14
B000O8ARTC,15
B004SC4TH6,16
B000YQKO6K,17
B000PSBBM8,18
B008WCWJ9S,19
B00VBI240Y,20
B0195ZIURK,21
B000DZBPJM,22
B00OOELQHE,23
B007GT7U8I,24
B008WCIJVK,25
B001F0MHV4,26
B000H5WVCS,27
B00004WCCP,28
B00SY9RBOM,29
B007XRCUGK,30
B00VRULLQE,31
B0094GRZPE,32
B00LPSD346,33
B0047XXZ7Q,34
B001BHGC7G,35
B001PUVVFM,36
B00004YOKC,37
B010RJUDZA,38
B015X34IP6,39
B0082CM1UU,40
B00ROOWC2Y,41
B007DDGYF2,42
B015LXQTK0,43
B00BJCN08M,44
B00VTVWJOE,45
B0026T7AZG,46
B00N3PPZZY,47
B014E40LJ2,48
B006Z58ZQK,49
B018B7D05K,50
B00J8FJQGW,51
B00U8VD74M,52
B00C7Z9ZAW,53
B0010EED30,54
B003O509PY,55
B007Y7ILA8,56
B001LTTNOI,57
B000QV1LIS,58
B01CSBSWX0,59
B00SUTYYS2,60
B002OW05KC,61
B00SH4F0LK,62
B000BN33FU,63
B00GRV5JNY,64
B0009N5SG4,65
B004U3U3DC,66
B00TGOOU20,67
B015NI2920,68
B00DVBPVNG,69
B001NNRWPY,70
B01GIG64HM,71
B014GVCGQO,72
B00F5WA6QQ,73
B0096TWKCW,74
B00E8S2ZR6,75
B0020ZT8QU,76
B00D0XJCV2,77
B00XBLLG5S,78
B00FZPFQHM,79
B01ETMVQOI,80
B00GMRGULI,81
B00XH8RQVS,82
B00AZBIZTW,83
B0166FFCCS,84
B00M87C39Y,85
B000QZ1LZM,86
B0176J6CCM,87
B01CDWC60Y,88
B01962XPH2,89
B0098WFUGU,90
B00J06J4UM,91
B00A8O0710,92
B015KP2JJ4,93
B00O9E5E68,94
B005KD3AJU,95
B003X373V0,96
B009G9F6Y6,97
B002OS6D9I,98
B0016H12KS,99
B00BMUKL8I,100
B007Y7IFA4,101
B00NQ6UJAQ,102
B005UA2WNI,103
B00NGVF4II,104
B00AZ1SMC2,105
B00B5UOJZQ,106
B00696265Q,107
B013ORY4W0,108
B00WLI5G7G,109
B00FRQ1SCG,110
B000SBLM1C,111
B001ESE2EC,112
B00K5ZZ0YQ,113
B000N549S6,114
B003XFR75K,115
B006WMRVS4,116
B00REH45SU,117
B0096N8OWI,118
B005H78ZI0,119
B01ENFOND2,120
B000KPKBOA,121
B00V9YD3QE,122
B018WWT8RI,123
B00PNEQ9T4,124
B00ODSRGVG,125
B016B34H26,126
B000FW7UOM,127
B010TWN8M0,128
B0149IG548,129
B000E5QFIW,130
B000BPK76G,131
B00657NOGO,132
B00DN06RJC,133
B000X7VGKS,134
B00DGXVVHE,135
B00BYQLGNY,136
B0021UMTZQ,137
B00I5HRJ9U,138
B0029NY9XA,139
B00R2CDVIW,140
B0013HT2QW,141
B0011E1FU8,142
B000NCUTCO,143
B00OK6CBMU,144
B0161OMDQ2,145
B00N3Y0T7Y,146
B00TDBVRZO,147
B01AWXNHT0,148
B005HG5ODU,149
B000JJPA66,150
B01A81FXMK,151
B00DYKTS9C,152
B001L4JRDU,153
B015MUTH3S,154
B000JM6AG2,155
B00LT1OYKQ,156
B00125PR5A,157
B0091MD3HA,158
B0153409CQ,159
B0002KX76M,160
B00062N45K,161
B00BVT4M30,162
B00C7U17US,163
B000HMOJY4,164
B00AVSDYFO,165
B019VSI9S6,166
B00L2ASKQ8,167
B006EGAIJ2,168
B01CY0YPYU,169
B00596QVHG,170
B000FFII3G,171
B0191IUWZE,172
B00ZMWVA96,173
B0095K87QU,174
B00DVB8FQQ,175
B004I1DT1O,176
B00TO7NHBY,177
B00GQNNVH4,178
B001009SLG,179
B00WIT9KJ8,180
B00GQYTGKO,181
B000Z5E6DC,182
B00BDI6O7Q,183
B00AW17SNO,184
B00N41EYJA,185
B01G82SKNM,186
B004I1G1LO,187
B00GORY4E6,188
B001OGSXMG,189
B0181Z4M4A,190
B01A8DIA8M,191
B0074VCMFE,192
B00CBKFJ9Y,193
B000FKBXCE,194
B018RDZ3HG,195
B0092SP0VK,196
B00W4YHLWK,197
B000LDLEWE,198
B009AXV782,199
B00IOTW0PC,200
B00J5DZJJU,201
B00DMI632G,202
B000SUVQSM,203
B007KQAAPC,204
B000DCN8SQ,205
B00CP3KWH6,206
B00JZ18K20,207
B00178MO58,208
B0050GW6F6,209
B00KHC62HQ,210
B002BYSBLS,211
B000KKVWF2,212
B00DWX8PM2,213
B000H5WT34,214
B00550GDCY,215
B00JEWFJJC,216
B0043F4YLO,217
B002O16SHW,218
B019ZEIJYU,219
B00ARLFMSM,220
B00L81AA5U,221
B003JU0Q66,222
B000P0S6TC,223
B00Q4MLPEI,224
B004K6EEI4,225
B003KTLRUA,226
B00P1RU8PY,227
B0009KMYHI,228
B00004Y75M,229
B01ADNCXFS,230
B00B2BDUI0,231
B00CMIIZ0U,232
B001J4NDXW,233
B00AZF36R4,234
B005ZQ47AS,235
B006UKICMW,236
B01B9K1VQ6,237
B01GPKSCWQ,238
B0007LQH86,239
B002Y4ZG7W,240
B00EYQXD3C,241
B012ER7HHU,242
B0061V7S5W,243
B00V66YJQI,244
B00445SSDS,245
B00SIQ1DHM,246
B0002V37XY,247
B00J0H8EWA,248
B0089OP1JE,249
B00GZI7AMM,250
B00OVC9T7S,251
B00114Q5NU,252
B00XQF6PEQ,253
B005KMDV9A,254
B000RI7J54,255
B00JQYUEC0,256
B0043L4JBI,257
B00ZB48IZE,258
B00ZF7AHF6,259
B007B2AC2Q,260
B01EZ68DO4,261
B009SEIFQU,262
B005A7U9ZY,263
B01CGKD4YA,264
B00KCCX0EE,265
B001AQEZ2W,266
B005DLLVWC,267
B0062BFHRW,268
B01BI9ZEU2,269
B00MB3CV6K,270
B018Y3K2H0,271
B01FG34S30,272
B014VM9724,273
B00BEDW76W,274
B00R1FYLWU,275
B013E9L4ZS,276
B004Z9XG0I,277
B01CITP03W,278
B01F738PCE,279
B01455QMX4,280
B005KDDWAM,281
B0013ND6PE,282
B010OUP208,283
B00KRHF8E4,284
B00HV97GFK,285
B00XL2Y8L6,286
B005TZJ0AM,287
B005WX4URE,288
B000NHQVRG,289
B00WG2K3O8,290
B001EKHNRS,291
B000SKD7UW,292
B00NQG5DHU,293
B001CTCHDG,294
B00O9XEVU4,295
B00558U9AI,296
B011M75UX6,297
B00MN5X304,298
B000BKO6DG,299
B00XZ2EO84,300
B00AML7RF8,301
B0094ADXVA,302
B0000V0720,303
B001JYQ9TM,304
B00UTRSNVC,305
B00DVBPKB4,306
B00RJPXB6Y,307
B00WB02F6Y,308
B004UMIOMA,309
B003CIP4GW,310
B0000CBJ7W,311
B0012E0REM,312
B00S54E1AI,313
B001XUMBIA,314
B010MX7YX0,315
B00AZ67HQO,316
B019PCG6BA,317
B00GTW1BMO,318
B00009YUMG,319
B000BQRCE0,320
B01GZFQM3M,321
B000FMUJ22,322
B00838VPHS,323
B00022749Q,324
B00004TBJD,325
B00DND4NN6,326
B00006IC2K,327
B001QFZS6E,328
B003YIYNYO,329
B007HXCP10,330
B00657XV4O,331
B01BO4HAIK,332
B01BY9H5H6,333
B004D936NM,334
B0001AF162,335
B00132G102,336
B01EN7H7BA,337
B000OLAIMA,338
B00QRELG56,339
B000VKSDYE,340
B002C4XFCM,341
B008IFYGLS,342
B01GZIALDG,343
B00004XSAE,344
B01ALI1GDK,345
B018ZERJZ6,346
B0066DSTOE,347
B000OM9J2O,348
B000XETXWE,349
B0076AY1PC,350
B00KKUZ6PY,351
B003HKHX3M,352
B000BQWOC0,353
B00B5XJW7I,354
B00PUX9A4Y,355
B000OLE96G,356
B004Z0RLL2,357
B01ABXS42Q,358
B014SB12Q2,359
B01EWQZMUU,360
B00IDBZ1A2,361
B000J0E9IK,362
B001JYWWWU,363
B000UOJF66,364
B00MN5X4RQ,365
B0038IL0EG,366
B00MNUSUQQ,367
B01EUDOFOO,368
B00PM1FKUC,369
B01FUFWN8Q,370
B01B7ATWIM,371
B0093J2GWO,372
B011EOR2IS,373
B0030HL3CO,374
B004769M8E,375
B0015T97JK,376
B00S298KJO,377
B00168264S,378
B008MI4116,379
B00M411692,380
B00JERRES6,381
B00BCH4WTA,382
B0056ZX1R8,383
B00IIDY49E,384
B00MN5X07U,385
B003ZATW42,386
B0013A6HJO,387
B01410O5D2,388
B000ZH7G1E,389
B00M1OPULW,390
B00MEZEFVO,391
B000QURRUK,392
B00CONYKOI,393
B00K7003B4,394
B00ARJP5W2,395
B01BD8NFKY,396
B011I9O7BE,397
B0081TJJDG,398
B0013CQ6DY,399
B0147RA2PY,400
B00CTS6B7M,401
B007GSGCMO,402
B00DYA21PU,403
B00O8RIYYU,404
B00BRHSD9U,405
B00IF6YJAS,406
B0142PHFVU,407
B0000223SI,408
B000WMQFR8,409
B00GYW39KG,410
B002DW12NC,411
B0055E5VR8,412
B007UONMJU,413
B00IXQWJUW,414
B000BQUI7S,415
B00KGQAN3C,416
B018XZRA9M,417
B01DM0E7BM,418
B01ADBRTDG,419
B000BQY9XW,420
B00W94NETO,421
B0156P6YVC,422
B01BUGXB7G,423
B01GPT3J5W,424
B002P39I8U,425
B00004UDN8,426
B00EDK5GIE,427
B01HCFJC0Y,428
B00PRV4NAK,429
B006EGAIII,430
B0184XHSNG,431
B000ZM9P90,432
B00DGKDOHC,433
B00MVIYNFW,434
B00HNOWY4G,435
B01FYVEJMY,436
B00BQK81ZO,437
B00CBFZCTG,438
B00004Z2HD,439
B0111ZSS2O,440
B014HEWNAY,441
B004H87UGS,442
B000LDBECY,443
B000B868NE,444
B0062O6UPW,445
B001CDTZYQ,446
B01GNR6764,447
B00502YAQS,448
B003YHCLYO,449
B00HXD2V36,450
B00H1TES4C,451
B01B6R0JNI,452
B017R4OP3Y,453
B00TTYCZOW,454
B000BD69Y2,455
B00CQLORZ0,456
B018OZVYFW,457
B00U2S6JSC,458
B0050GW7KU,459
B0002Q8TNM,460
B00MP02P88,461
B00MBHXWGY,462
B00A1SQBAO,463
B0045I8E4M,464
B0008IVYYA,465
B000JCGU8U,466
B00Q4MO4C8,467
B000H5R5M4,468
B012938E76,469
B00FNO937Y,470
B00AFXIOIM,471
B009ZZNL16,472
B0051QUOO0,473
B00559WTD2,474
B00R4EW5DA,475
B010L18XEW,476
B0009WG61G,477
B000ILJZN4,478
B004IQ99SQ,479
B00T8BJ3SM,480
B00RMR1X82,481
B0015PYNC0,482
B01634MRU2,483
B00SWGVICS,484
B0002FUOR2,485
B00MQ7EHHC,486
B000BQKBCK,487
B0123DT4RQ,488
B00PXLHPHW,489
B014VM96UM,490
B00MQSCZF2,491
B00315EWC8,492
B000051WTW,493
B004E231VK,494
B01C3HEQZC,495
B000TG9ZKG,496
B00062N4J6,497
B00IN8TJYY,498
B00267EESE,499
B002I05TUQ,500
B000XQ2T1E,501
B001IRVCJC,502
B016SH9ITC,503
B000BY21ZC,504
B00HQQ3WWE,505
B005LDG7HQ,506
B00MNIZMBO,507
B00FGDMCUM,508
B0011G20QY,509
B00023SCUA,510
B015Z1964O,511
B0051IB63Q,512
B00H1HGPH2,513
B001DTNDME,514
B00AZ9P0PG,515
B018GZBC3Y,516
B00I4E4HPI,517
B0002KRABU,518
B00722PHSO,519
B00UW0AXUA,520
B00YAR86BY,521
B007YV18O0,522
B005FU5HFI,523
B012BNXIH0,524
B0051IBBUE,525
B000EJ332O,526
B00ME76OHA,527
B002091LQG,528
B00A2G3G7G,529
B01A6U6PAM,530
B00DN7MSXY,531
B00SXVUETU,532
B00U5H6VBA,533
B001005TX2,534
B00R4EW5CQ,535
B00CR8ZRE2,536
B00CFTXXYE,537
B005Z4QWIK,538
B0043BKMV4,539
B00B7SCWSC,540
B00MNIYYJK,541
B00P1N68FW,542
B00RDIMJV0,543
B01HD25ORG,544
B0013N6MFU,545
B00J0GRREW,546
B0052IRYVS,547
B00DVBQ4KU,548
B000F4UOWK,549
B00NXU1O6S,550
B00YML13OU,551
B00FKCVFPW,552
B00K5QVBCU,553
B00CMJNO7I,554
B01BNVE1LI,555
B000DZHF5A,556
B018HGC1SW,557
B017AJ0K94,558
B00OJWD9XA,559
B01C3ZZTB4,560
B00M0CS1FC,561
B006VYXZG0,562
B00MNIZ6Q0,563
B017IJF2JE,564
B001717PGI,565
B000H5QHK0,566
B00512VMVI,567
B01BV59ON6,568
B00F4ORUDM,569
B009KB86BU,570
B019PCG2NW,571
B00LSVW4AY,572
B00PNI01V2,573
B00FZPEWI6,574
B000F4OYMQ,575
B004XZQ30Y,576
B01FF8ZMYA,577
B018F5878I,578
B00E7CSGMG,579
B00M1RC0YY,580
B00KDGJ3I6,581
B01A7AVQKA,582
B00JJ18VIE,583
B004EBMXZG,584
B005KDISRY,585
B00GM5FXJA,586
B005HE0S4C,587
B00JWQNHRG,588
B008ZY9CXE,589
B0013BKDO8,590
B000QDC7T8,591
B008KHRLKW,592
B003DKQB02,593
B007PP26RI,594
B00OUFX38W,595
B00N582CBY,596
B00QQZSPEQ,597
B000BO96YG,598
B0018ACR6G,599
B00CBKFJVM,600
B000NN9SDO,601
B0015YHGNE,602
B00ILCCUN4,603
B00I3P92YO,604
B001IDZLBG,605
B01DEEMOK2,606
B009ITFXDI,607
B005TIKPQW,608
B00KKV1QY8,609
B00Q4MJ5AE,610
B00O8039E2,611
B01H4QN27A,612
B00FMX7E2M,613
B0018KVG9K,614
B005K2TXMO,615
B001PTGBRQ,616
B003NUGL9S,617
B00JZZFGMI,618
B000VK5VM6,619
B0057UUGS4,620
B0011YY5EQ,621
B00UJD3D2K,622
B013X9COAS,623
B018A392Z2,624
B00GQNN70A,625
B001OMQK6Q,626
B003YL4940,627
B01FBM6VFY,628
B005DNQX3C,629
B010Y25PQC,630
B001F0R9A8,631
B00RDILWTK,632
B00HR8H38A,633
B010DWI36C,634
B008CE0R40,635
B000KBU66W,636
B000H0P9NQ,637
B0013P6ZJQ,638
B00823JDIW,639
B01ATL97U8,640
B000IG7Z7C,641
B00H3QEVVI,642
B00AQNT36S,643
B014LSQT74,644
B004HR5PJS,645
B000N6621M,646
B005UUQNQA,647
B002UJ4WVC,648
B0051BFYPO,649
B001EPQ62Q,650
B014GVC240,651
B014GVCGLE,652
B0057PUR88,653
B005W16WT0,654
B00028PDO8,655
B009IS73I2,656
B00020JO9Q,657
B00STUMYZC,658
B001PMRTN8,659
B00ES3INNQ,660
B01C6ALDA2,661
B00NMYEMV4,662
B00FE1RPC6,663
B00EPQK3DY,664
B00BSXAIJG,665
B005DL2ST2,666
B00K2PXUA0,667
B00G9R07WO,668
B003XXE0RA,669
B01092XXD4,670
B0070YPDDS,671
B005ELWUWG,672
B005P52WPG,673
B00AJDZJCW,674
B000QFN3EE,675
B003BDW2SG,676
B01GXQMP66,677
B001B0B3VI,678
B005Z4QU5U,679
B01B1WZJEW,680
B018FNDPVY,681
B0009V1WXY,682
B0011DR7II,683
B00006WNQS,684
B00GAEOHHM,685
B0016GHKLO,686
B006Z6YWIO,687
B003Y49R7G,688
B001KZMJ94,689
B0007TYCA8,690
B00JOSZUQI,691
B0006O1ICE,692
B004P3TMUC,693
B005HIJCB8,694
B00W328PPU,695
B00DVAZ36W,696
B018I08UKU,697
B00JE5GI3U,698
B011MXRS08,699
B01C7CQHAK,700
B00MFRZ2SG,701
B00GYSFOM6,702
B00KPYB05A,703
B0045E0GUQ,704
B000OVHW24,705
B00UWVYA30,706
B007QAJUUS,707
B0012NJYE2,708
B0013E2AQY,709
B00CY8ROAA,710
B00IRBMO9E,711
B002P5W4RU,712
B000CIF2NK,713
B000E297FI,714
B00ZB48M8C,715
B00K504M8G,716
B00JZZF8DU,717
B000LNIGF2,718
B00E0NXTJW,719
B00E5XO18K,720
B01BC4XR20,721
B000BQ85NC,722
B0094GM004,723
B004V3RALO,724
B00I5HRFYY,725
B00NW5LWHA,726
B00MF03VLS,727
B000J0HDUG,728
B01CL1FCNA,729
B001EQC1VA,730
B00S5RF8XY,731
B00CMPXFOO,732
B000NV6YN8,733
B000UEBF00,734
B000EWY67W,735
B00004YMDG,736
B005KLW4PS,737
B003YL45BC,738
B001CMSD3G,739
B006G1E3D2,740
B00B84DGDA,741
B000LF42NK,742
B005QC1236,743
B00FDOHMHM,744
B00002ND44,745
B007FER2IW,746
B006K5GVTI,747
B0166FFC96,748
B00027CCCU,749
B0002UEPVI,750
B00K2PXUGE,751
B009EU5ZNO,752
B007JOJ9QQ,753
B00PZY58CG,754
B00HRGZJGU,755
B00HVA0BL0,756
B005SV57UY,757
B0064O9B7E,758
B00I13ZNIC,759
B000BN9IH2,760
B004JGNT18,761
B00BKVPU08,762
B015I1CZUI,763
B00ACBKNS6,764
B001ECQ41W,765
B00QZ67T3O,766
B00V59BGTE,767
B000MMI7X8,768
B01C26ZBMG,769
B004MEXDH2,770
B0044FSXU6,771
B000FZ2UOY,772
B00063KZX8,773
B00AQKIEXY,774
B01F5DWV8K,775
9980453931,776
B0012BU8YO,777
B016XGZC3E,778
B004IEAMQQ,779
B00PZX2AC8,780
B004K9D9LE,781
B004071T40,782
B0006SL0VO,783
B01EWGJAS0,784
B00IYFQ2JG,785
B0000YHN9W,786
B00J0GPC80,787
B00405DHG0,788
B01G96LB6U,789
B0007KQUMK,790
B00756OF7Q,791
B00TUQIBG0,792
B00J0H4EVU,793
B00H1V4EB2,794
B007PB3PZO,795
B0185FK5SI,796
B004MDM94Q,797
B0055DZ3EK,798
B00Q4MGHHI,799
B002EE6C3Y,800
B000B4GTX2,801
B01E5E5IY4,802
B00F05UI8O,803
B00MN5X2Z0,804
B001ULDADW,805
B002802I0U,806
B00K63FE48,807
B014VM9BWU,808
B001DECMSA,809
B007B2A3VQ,810
B01CL1FCB2,811
B000RPW2W2,812
B000OL8P2U,813
B00004T7W2,814
B001L6CVS6,815
B00J0HB1YI,816
B00PSGWHIO,817
B00004Y68Y,818
B009GIGHD6,819
B0037LGBU2,820
B0009XB4O4,821
B016D6DSBW,822
B00T231SJ8,823
B018VO5GIW,824
B00EA22DSG,825
B004N6L9PW,826
B001M5C87K,827
B000F4OYEE,828
B0159JLOCE,829
B00KNNSKV0,830
B000ILG0TQ,831
B009E0EBE8,832
B005QDPZ6U,833
B0015TG7FC,834
B001C5I4BO,835
B008MIRQUE,836
B004082LIC,837
B0054RJ7AS,838
B000K7GREQ,839
B00DVBSNPY,840
B00JGPAKY6,841
B00880AVL2,842
B011TS400W,843
B00OXPE8U6,844
B0033SHDSS,845
B001HT720O,846
B000H5QVEW,847
B00TUJYOC2,848
B01BDL4BNG,849
B00DYKPUTY,850
B00JZZFODY,851
B004M599ME,852
B00F4ORTZ6,853
B01FFV2TOS,854
B00S6F4MO6,855
B00RXY7MO8,856
B000OMHIHM,857
B00FE1RQA2,858
B00OCG91IK,859
B001KUWGHE,860
B00004RH8J,861
B00J2ARKFC,862
B000QDRRNE,863
B0032YYOFS,864
B001KZ3NOO,865
B00FE017QC,866
B004AKS06W,867
B00PKKHC2Y,868
B00A7I5IP2,869
B00EME5KZ0,870
B00GYS1SXU,871
B00E1IKGC4,872
B0064OFP88,873
B0029XJANE,874
B0001EJIXK,875
B0002YUNRE,876
B0042SWOHI,877
B005CD2I50,878
B01ENFOIQE,879
B00GORWKB0,880
B00975PXHE,881
B001HWGMBG,882
B00CJIAPN8,883
B00XKTR8L2,884
B00AA5AICU,885
B00BZ9YU88,886
B00AH21QO0,887
B002RMFTLE,888
B005GK3IVW,889
B017NN0HQS,890
B00N9OU6J4,891
B00DW9JMGO,892
B000I3PUE0,893
B000HQIX2O,894
B00C1ME00Q,895
B000OL8PA2,896
B00GN7VV8O,897
B0002ZWKQK,898
B00UOXGR14,899
B00843OUNI,900
B00X5UDZ2M,901
B01DPS8DPM,902
B01E8J01I4,903
B001MBADFI,904
B00P67QLA0,905
B00NX1WBA0,906
B004SKODTW,907
B00E6BCXQ8,908
B0061OUGRQ,909
B000YZAUE2,910
B01GKZBP6G,911
B00DCCYD6U,912
B00B28Z2AC,913
B000PDO3NM,914
B0052PLE4E,915
B002RZC8WE,916
B008DS266M,917
B000WJ4XXY,918
B01F2UR2M6,919
B0000CBIPV,920
B015I1D7FK,921
B0054G10V8,922
B01F6552LA,923
B001HRMJ54,924
B000BN33FA,925
B000NOC52Y,926
B00260TWII,927
B00CJI6T4M,928
B00062N47S,929
B004DBQ0D8,930
B00B5WK7KK,931
B0013TTR4M,932
B00MJVQR7I,933
B00TMLZVT8,934
B00AWS3QV0,935
B01ENFONGE,936
B00A7I5L86,937
B01EIHQP1I,938
B00IG46NL2,939
B00HNDHEKG,940
B000FPAN2K,941
B01461ILIG,942
B009LOZKLU,943
B00ARTK9FA,944
B00P885VEO,945
B002DZRFIK,946
B00UUKQEP0,947
B00TJMEX3U,948
B011WEMVEU,949
B000LWXQ0I,950
B00UZ1WWUK,951
B009AZ0TXE,952
B00II9701C,953
B0077TDLNA,954
B00JZ18KNY,955
B01D5F72GQ,956
B000NJGHVO,957
B00APDNPXG,958
B00A9ZNCJM,959
B00GM3XWP4,960
B00DKWVVTO,961
B00DMI62HM,962
B0009NWD80,963
B01ESYG6B0,964
B01BKXJH3Q,965
B00062N3ZQ,966
B000MI70GW,967
B0025QI4XC,968
B00CKXDYRG,969
B01B7OYTNQ,970
B009KAEP7A,971
B012T472DC,972
B00J42G2UW,973
B00DVGGWC0,974
B00027GRJO,975
B0002AYZUO,976
B00RLRS0M0,977
B01990B9Z6,978
B00EV5DC4G,979
B01EUNSD4W,980
B009IILEVY,981
B000FH2Y9S,982
B00Y01TJ6G,983
B003JY7MDM,984
B000GTR0GM,985
B000KKVL6C,986
B0012OELRG,987
B007FZZUF8,988
B00YFG1U9U,989
B00SFOT2EI,990
B00AWK04IQ,991
B000I159RU,992
B01GWELR04,993
B00BHLE6MO,994
B000F4W1GW,995
B005T8VHCS,996
B00N5OFFFI,997
B001W6Q4ME,998
B00004UDJX,999
B000BQP2YM,1000
B004LPZ42Y,1001
B000QJ3G42,1002
B000LN12Y4,1003
B00GB03OLU,1004
B00STB0EW6,1005
B00EI2315M,1006
B001709224,1007
B001FZOCCG,1008
B017OVC2QM,1009
B0143HM98Q,1010
B006UKICJA,1011
B00D1GUAHS,1012
B001DC9USC,1013
B002SR0C3I,1014
B00CP8E61E,1015
B001E5ZWT4,1016
B00IRBMOBM,1017
B01HDY0TIS,1018
B000P8VTNY,1019
B0195UFBUY,1020
B0000CBIFC,1021
B00J1X4MFQ,1022
B01C61RQS4,1023
B00130BWLM,1024
B00002ND6L,1025
B01BDL4NKM,1026
B01EKEMJ8W,1027
B001DZDCNS,1028
B011RZDAKS,1029
B00004Z2HN,1030
B000LNWVJE,1031
B00M0CS73S,1032
B0012NI67S,1033
B015FK1EH2,1034
B002474UMG,1035
B0043YHD4A,1036
B010SLSK48,1037
B0000224MY,1038
B000660IJ6,1039
B00KC0JLCG,1040
B00002N630,1041
B00EUGCT22,1042
B001KGSJ74,1043
B00E6EB5WI,1044
B0038MWTTW,1045
B00MEZEEJ2,1046
B00BQYCJN0,1047
B008KO698K,1048
B004M02K7A,1049
B01E0NRMK8,1050
B006IPH5H2,1051
B0055E8620,1052
B00838S28I,1053
B0077TDLA8,1054
B00JR6IY4M,1055
B01DWMMJTW,1056
B000E9ZKDY,1057
B00S07TTJ8,1058
B00RFSTNA8,1059
B00DC3VB96,1060
B00IPEZKBW,1061
B0002UEONM,1062
B01DA6X0E8,1063
B00G9R0ANU,1064
B00AOVH60M,1065
B0013CM0KW,1066
B002O16SHC,1067
B00JRBQJ6W,1068
B00IOMSVGQ,1069
B0014C09XG,1070
B004C12Q46,1071
B00I3UA89C,1072
B00AEXKR4C,1073
B005W0UWCY,1074
B00KPEEPAW,1075
B004SS8AMU,1076
B00IB0ZJXE,1077
B017KUC6XQ,1078
B00DFTLLOM,1079
B001GM8PPS,1080
B00042KJQ4,1081
B009K6OF5G,1082
B011R5245A,1083
B000MOI9G6,1084
B005RNEH5O,1085
B00DY9IXFI,1086
B00LUJFFAU,1087
B00B5F1I78,1088
B005EXZO9U,1089
B009ENG6TI,1090
B0040FG9DI,1091
B00RXF6H5C,1092
B000WR034O,1093
B0008G1YGA,1094
B00UI40VKM,1095
B0058TV05M,1096
B0064OJDUO,1097
B01EY7IQV4,1098
B014SNDZLK,1099
B0017VJ4IK,1100
B000F4UOXY,1101
B00J0EE1D4,1102
B00ODSS5J8,1103
B008562GD0,1104
B0057M1384,1105
B00JR5CV4C,1106
B001T49R7S,1107
B00I47XIX2,1108
B0077R5I4M,1109
B0196FYV04,1110
B000K7IWDK,1111
B007LQC3Q0,1112
B0087X7262,1113
B00H7JS4MS,1114
B01EKEMDA6,1115
B003O5B5LG,1116
B00IGIOQ58,1117
B00CGV6TZG,1118
B005UYVIXO,1119
B003STEJAC,1120
B010DBE58S,1121
B00JWRLO7A,1122
B005HYCM8M,1123
B012APXT96,1124
B000VDAE0C,1125
B00MHX1RG4,1126
B018ITTFDM,1127
B00XXKZVPI,1128
B00062N4K0,1129
B0144BVSN8,1130
B00N36F5BM,1131
B00CHNX4N8,1132
B00MEZE7XU,1133
B000TG3BWO,1134
B000L425PI,1135
B0064O8OYK,1136
B00002N6FE,1137
B00BUVASWI,1138
B00QYX6F5G,1139
B00ME88QPC,1140
B00LLIHANU,1141
B00O47ILVA,1142
B009E0E9YK,1143
B00X7R1FZ2,1144
B00004Z4DS,1145
B000F4OYIK,1146
B0002Q8TKU,1147
B0046E705O,1148
B000F4SP30,1149
B00H3Q6KOY,1150
B00K85965W,1151
B006NXIH26,1152
B0006HX1HG,1153
B01FUGET5K,1154
B000NHQNHE,1155
B00Y8T9YZG,1156
B005DS7LWO,1157
B01GWLQK4A,1158
B0000DD5H0,1159
B000KE4PBQ,1160
B000UV6ZPS,1161
B00LH0SEY6,1162
B00DCAIM28,1163
B0002E1I6Y,1164
B01F9OYUT8,1165
B001HWF4ME,1166
B003ULZGFU,1167
B00HVETBFS,1168
B005QJCRAG,1169
B00064GSOC,1170
B0092JSK1Q,1171
B016EOKTWO,1172
B0013CIKT2,1173
B00JKAD0MQ,1174
B003115X5M,1175
B00D8W4XO6,1176
B003TGT9OK,1177
B007OXK1AK,1178
B01823WXP6,1179
B00R73MC1S,1180
B00535HMQM,1181
B002UF6NV8,1182
B00C0YS2CM,1183
B018SUABWU,1184
B0015DLMOO,1185
B00ZOEJ9QI,1186
B01EWDP0NC,1187
B00BEPQ0KE,1188
B00SYG035Y,1189
B00E4QBAZK,1190
B0040ZEXHM,1191
B0013U5PV0,1192
B013SJ41AE,1193
B00962CQNC,1194
B016R3GLB0,1195
B0052EE1EU,1196
B006UKICQS,1197
B00IW7HY0W,1198
B00SQ63IWC,1199
B00IIWTTSQ,1200
B00PZY11IQ,1201
B0096Q9J8S,1202
B000I639B8,1203
B018WTXX4A,1204
B00011Q5QG,1205
B006UKIASI,1206
B0025TWH8C,1207
B00APD16D2,1208
B00KCOQ10W,1209
B00ZBH3QIU,1210
B0002Q8TPU,1211
B01GDD7XAW,1212
B00Q2CRM24,1213
B0011E3CMM,1214
B001F7E9VI,1215
B007Z4ITWU,1216
B00YAZ5N1C,1217
B001AZKS4W,1218
B0179JTVVS,1219
B006DWT7HG,1220
B00E6BD6FU,1221
B01GL143FY,1222
B005QSMO3W,1223
B00BXUQUBY,1224
B00VZ3QHQM,1225
B0148M7P4O,1226
B00NVHA9PU,1227
B0011E8DG2,1228
B000UCIGCW,1229
B017AJ0JKO,1230
B008SOH2TM,1231
B000WYP7MK,1232
B001E77KOC,1233
B000LGPD64,1234
B00BSR98KW,1235
B002WJHE7E,1236
B00N7432II,1237
B00I0JN8YS,1238
B00G9QRXB8,1239
B004U4XDY2,1240
B00524H98U,1241
B005B8LZCI,1242
B00O8F30L4,1243
B006J4G45G,1244
B00V9N8CCU,1245
B001NG12V6,1246
B006P3IRXS,1247
B018D9JPPA,1248
B00DLJ0A0C,1249
B00ZQC6W1I,1250
B00E4UOKNK,1251
B01DVFFUVE,1252
B00FJV4IVW,1253
B00IJ67BJA,1254
B008ZSX42K,1255
B00BR1CNFQ,1256
B000W0TTJQ,1257
B004V3SIR4,1258
B00FHAEBIA,1259
B00W5PRY52,1260
B01HAXUHQ6,1261
B00KCG9A2Q,1262
B002MVMU08,1263
B001AXF416,1264
B003YL4954,1265
B00CAUFXZK,1266
B000VYDJ80,1267
B00D7BJ6MW,1268
B00004XSFM,1269
B00FJXYKMC,1270
B0181PXTDU,1271
B0046ECYRS,1272
B016R9E7J2,1273
B0015ENO6W,1274
B007YBEHIO,1275
B009EE3WNA,1276
B00O2O5SS4,1277
B00S89W2KQ,1278
B000IFNOVY,1279
B004I1DTIM,1280
B003D7K8E0,1281
B01ENFOIKA,1282
B014SN2W6O,1283
B00H8NV1SM,1284
B002XZ75XU,1285
B006SJIA0Y,1286
B00C6C05AA,1287
B015VY056I,1288
B002U4HEAI,1289
B00004WLKB,1290
B00VDFMUDG,1291
B015MV1N8E,1292
B00AD691YM,1293
B00PLKV5H6,1294
B0013J62P4,1295
B0000VM44Y,1296
B007OXK272,1297
B00G2AZGGK,1298
B00H3CY93C,1299
B00ME7424W,1300
B00BGCC9JQ,1301
B00E9YQQSS,1302
B01AXZV94M,1303
B00FN6PBQY,1304
B00JG31KBA,1305
B00L1UKR60,1306
B001PTGBSK,1307
B00J0H3PG0,1308
B000GFT7FI,1309
B008HORY3C,1310
B0069QER2G,1311
B00JH41U7M,1312
B0070AZJ5O,1313
B00LVFDLUO,1314
B0016JFCPC,1315
B0006J3DOA,1316
B0166FFCFU,1317
B0011X2GOI,1318
B00D8W55FW,1319
B0026K6KME,1320
B00042K694,1321
B006UKI6GY,1322
B00CBN28RM,1323
B01GVTP91I,1324
B003NRF052,1325
B00D8W53O0,1326
B01B1FN44Q,1327
B01633H2F8,1328
B00B6HT1EC,1329
B00095OGQU,1330
B01BFDN80Y,1331
B0009WG634,1332
B00B7SCZ9S,1333
B000E62TCC,1334
B014VM991I,1335
B00DZOXEH4,1336
B00L1S93PS,1337
B00FEDHHKE,1338
B00DH4E0YS,1339
B00445SSD8,1340
B0166QZ5HO,1341
B009346RSS,1342
B00PF7GNPO,1343
B0083R1FME,1344
B0079SM1LW,1345
B00207NF6W,1346
B00EPYD1YO,1347
B00LS7AWDO,1348
B0000AN3UB,1349
B004S2GVSQ,1350
B0073IDMMA,1351
B00FKHN8BQ,1352
B00CJ5EO2E,1353
B014RZ790C,1354
B00NXJDQV0,1355
B002TTI9JO,1356
B003ICY2H4,1357
B00JGB04UA,1358
B000R8ZUG4,1359
B00HGAKDIQ,1360
B01DS5G05C,1361
B00DCAIHI2,1362
B001O62V56,1363
B00TI3JUWO,1364
B013CWUNWC,1365
B009EU5ZM0,1366
B0194AHV6C,1367
B0198PJVBQ,1368
B00JJ4ZQUM,1369
B00MAZFQ7A,1370
B00W71JDTY,1371
B006HFGC04,1372
B00I53B2TC,1373
B00C351GBC,1374
B0002Q8TP0,1375
B004HKIU5G,1376
B00DIH099E,1377
B00YU43WE8,1378
B00G9QWP9S,1379
B0016TH80E,1380
B000VTQM70,1381
B00I8NM6JO,1382
B004CI9NRM,1383
B00HSEWNRY,1384
B017QE9D7I,1385
B004I19XB4,1386
B01CNGUW4M,1387
B00VDRKMTS,1388
B000E60U6Y,1389
B013HQ0S1Y,1390
B0000DD1D2,1391
B0040FHR6Q,1392
B00ICHRDIA,1393
B00P67GSQC,1394
B01DVFS8NG,1395
B0002QTJ0E,1396
B00095VINE,1397
B00O9JNY9W,1398
B004QEZ2U4,1399
B0093J2GM4,1400
B00E1LC1VK,1401
B0098PNZLO,1402
B01A5THGES,1403
B00A2G3JSM,1404
B017XGEDOM,1405
B00I5HRFSU,1406
B015W8D9EI,1407
B00HVY4ITW,1408
B0000DBJ2J,1409
B015X9YH2O,1410
B00813HBBO,1411
B004VTGLXQ,1412
B014GVC3SA,1413
B0000DH8I8,1414
B01E8AXYOQ,1415
B000KPZMU8,1416
B001B0GUIO,1417
B00T9RANUC,1418
B001C009GW,1419
B00IFD5OH8,1420
B0063U2RWU,1421
B00FJXYKJK,1422
B0001N4700,1423
B0184725YY,1424
B003CYBF5K,1425
B000FKH3BY,1426
B002MD01HU,1427
B00C78AERW,1428
B01A9KIGSI,1429
B000RGZHFA,1430
B000LGT0GI,1431
B000HJD6SC,1432
B008H1EAOQ,1433
B017L9GKGK,1434
B019OQ4YV6,1435
B000IXPYPA,1436
B00EEIFR16,1437
B00J0GMMP6,1438
B0009WG61Q,1439
B01EMXHASK,1440
B005AWYEO6,1441
B000BQS7FI,1442
B00EF9D2DY,1443
B00PU0W35K,1444
B01D8M32LU,1445
B0006O8QQ0,1446
B00CR8ZRC4,1447
B0102TRQYG,1448
B000VBGG42,1449
B0019F03LQ,1450
B01HAXUE9G,1451
B001D7FF5E,1452
B003F76A72,1453
B006IOZ46W,1454
B00385PJHS,1455
B00002ND4I,1456
B0077B3L42,1457
B003A3VSOG,1458
B00U1PL08K,1459
B017MFXZHK,1460
B00D2MPVUM,1461
B00VEDFAH0,1462
B00CVHIJDK,1463
B005XUHKSM,1464
B011KM56QE,1465
B000R92HO6,1466
B003DQXMJO,1467
B000KIEPSA,1468
B00UTIFCVA,1469
B018630J80,1470
B001E764S0,1471
B0093KZTEA,1472
B001B19JLS,1473
B00TOZTROW,1474
B0000516K4,1475
B005SB1ORY,1476
B003U6KXOY,1477
B00FHFV9AI,1478
B00V3APIBM,1479
B017JBWE2E,1480
B01AOS0QDI,1481
B00FKYDD1Y,1482
B00NI1JLXU,1483
B00M0CS1BQ,1484
B00D6RR2OQ,1485
B00LH0SZ5O,1486
B00CXC2DWG,1487
B000BLC092,1488
B00004Z4AI,1489
B018WWJ6D4,1490
B005WFJT6E,1491
B00N2WGUPW,1492
B011KVYLUW,1493
B001FQ74FW,1494
B000I24HBS,1495
B000QC4BIE,1496
B000WMIROM,1497
B00EPQAE88,1498
B002U42VW4,1499
B002PMSSC8,1500
B011T3CWPC,1501
B0064ODVLG,1502
B00EUKHACW,1503
B00070FYZE,1504
B00I5HRG02,1505
B01551LEQW,1506
B018QHQSB8,1507
B0184FFSWC,1508
B014VM95IK,1509
B00KOOF5MK,1510
B00H7VEU06,1511
B00USCCC5G,1512
B00D12NYP2,1513
B00CB05TXU,1514
B000JFFEFW,1515
B00J5DZJGI,1516
B0051IBDKW,1517
B00ME7CV7C,1518
B00SYQ3VNA,1519
B0063LI3W2,1520
B0083Z2TQ2,1521
B000F4OYFS,1522
B000RIZ9EW,1523
B00R3B0BP8,1524
B000WUW46Q,1525
B00ME7A1II,1526
B00WISVBYQ,1527
B0117VUYKQ,1528
B001EHAZGW,1529
B001D3LQWE,1530
B001PMI25M,1531
B01GNWA6JI,1532
B00E6BD0G0,1533
B00IMVFDP6,1534
B002BYOG30,1535
B00LGIZKMI,1536
B00HWROLIG,1537
B01DPCYIKW,1538
B0077RAP1I,1539
B00EQT6HKS,1540
B01D0HA3LK,1541
B005KDD0KY,1542
B000H5QGYW,1543
B004KA6ZHI,1544
B01CL1FCLM,1545
B000EDKOLI,1546
B000F4W1O4,1547
B0000DD0VA,1548
B00W75P3AI,1549
B000F09CEA,1550
B005DRQRZM,1551
B00M4X5J20,1552
B003V71R6A,1553
B009YM7Z2Q,1554
B002WJHEJ2,1555
B0083Y0Y0G,1556
B001ULDAAU,1557
B00134OYEA,1558
B004FTPWKK,1559
B00VILVV62,1560
B000LEUJU6,1561
B00837ZGRY,1562
B009CTP3YS,1563
B001FCB4JS,1564
B005W17HYY,1565
B01FPG89CE,1566
B0014BUYKU,1567
B015GDDXJA,1568
B019CY4FB4,1569
B00MOAAK86,1570
B004C7RGUY,1571
B000BD6D20,1572
B00336FYKO,1573
B000P49BX8,1574
B01CNSERLE,1575
B005HO1Z58,1576
B0040001NC,1577
B002UFC3EY,1578
B011O940SS,1579
B00CBIF9K0,1580
B01DF31DQS,1581
B0015YJK9C,1582
B01BPXJ290,1583
B005TE3C1G,1584
B00006IQC5,1585
B001Z3C3AG,1586
B01BNE0HBS,1587
B00EVVO12C,1588
B00PVDV3CK,1589
B00004WG0Q,1590
B00KCC1H6C,1591
B0009F86SE,1592
B000SKWQQS,1593
B01ENFOHN8,1594
B004J173HY,1595
B0080L9FHA,1596
B00DW24JXW,1597
B006PKKXM4,1598
B013J99RQ6,1599
B008YA6BWE,1600
B0009784NY,1601
B000OMFLD0,1602
B005W16LVE,1603
B0069TW6DU,1604
B0000DI7WZ,1605
B00IIW6TSY,1606
B001T8MTWO,1607
B004AF204K,1608
B0166FFFD4,1609
B007FR5KAQ,1610
B00007GD5K,1611
B0086FSKY4,1612
B00DVBS2FK,1613
B007Y7HPDC,1614
B00MAN00UU,1615
B018XJ0JXC,1616
B0018LAZA0,1617
B01HDY1GFS,1618
B00DVBRHTM,1619
B00VSNG8NG,1620
B000S13ORW,1621
B00JR591DG,1622
B013S1VAM4,1623
B018GP7X50,1624
B00004R9TU,1625
B013L36SXA,1626
B00002NC3K,1627
B00HFLQIQM,1628
B005H8YMYU,1629
B000SZ3RES,1630
B01F47B8AO,1631
B001VXZVNG,1632
B0029XS6KW,1633
B00J0HC4QC,1634
B0006OLG9Y,1635
B00004YOL4,1636
B001VA4D92,1637
B002WJHEL0,1638
B01F2U8IFG,1639
B0000223UV,1640
B005MGFYH6,1641
B011PVIMPW,1642
B000H5T76Q,1643
B001VZ8SBQ,1644
B000KKXC00,1645
B000BZYCNK,1646
B00S2IA3DG,1647
B0013AZ4R0,1648
B008BTYWCY,1649
B00IYFOBQW,1650
B007KM0CWC,1651
B00GYRC2MC,1652
B004460S1W,1653
B019N430RS,1654
B00C4TRA2Q,1655
B01AUI4VVA,1656
B001CTCGS2,1657
B0001GAYRC,1658
B001ECQS1I,1659
B00TZW05TU,1660
B001PILFVY,1661
B000BD8N0A,1662
B00C9SN562,1663
B00L2N5X38,1664
B00SX3T2LO,1665
B00EE9LKRA,1666
B00ME7NHJ8,1667
B005KD52SM,1668
B00OY1E6LA,1669
B0012NAQX0,1670
B002AS9XGM,1671
B000LJNJOE,1672
B0000ZLMJI,1673
B0018LNQ0Q,1674
B000F4UP10,1675
B00MV7T25E,1676
B00005202V,1677
B00QK5AEBE,1678
B00J26U3R8,1679
B0177PN6SI,1680
B00BDE4IUK,1681
B00E549YWW,1682
B0055QA7U2,1683
B00REHGEIO,1684
B00DAITFOG,1685
B0057OC5WK,1686
B006Z6YQEE,1687
B001JYQ852,1688
B00IEROC5A,1689
B0014LOZVO,1690
B00PPMU3XM,1691
B001BSK3NO,1692
B01H5BXC0G,1693
B001622FL8,1694
B00CI9VIM0,1695
B0002QZ4XK,1696
B010BWOOXA,1697
B008H7GMAK,1698
B007POCI2W,1699
B0002BBV46,1700
B001ECQS22,1701
B017AJ0IXW,1702
B00RWX7EAW,1703
B009DNE268,1704
B00I3JZBWW,1705
B00DJ73YUY,1706
B000SKX0N6,1707
B00EE6GHU8,1708
B00UWBJM0Q,1709
B000GR9X28,1710
B00XDUCYSA,1711
B000BQR55G,1712
B0193KKJTO,1713
B01BMVNKY8,1714
B000P1ALOO,1715
B001447NTC,1716
B000BO59M4,1717
B00XN4111W,1718
B00004YYD2,1719
B00LGUP210,1720
B000F4UP6A,1721
B006JVOKKU,1722
B015I1CYFE,1723
B005XP5HO6,1724
B007Z4IN58,1725
B0052P1QBU,1726
B00AGIR5N6,1727
B017LB4AZ6,1728
B01G4IVO0Q,1729
B000MVJDDW,1730
B01076MRCU,1731
B00BD5LLN6,1732
B00004RH8I,1733
B005HOPRRK,1734
B00N41770S,1735
B00004YZQS,1736
B01COVQ79U,1737
B00AMH7ZFY,1738
B001TVPYFU,1739
B0050GWAVG,1740
B008VUMJ9Q,1741
B000CZ4DTC,1742
B00TDOGRW4,1743
B0038ZQI1E,1744
B00ME7E5X0,1745
B00HWRO744,1746
B00LWFO5TO,1747
B00JKV1ERI,1748
B000IFF4L2,1749
B00BCRD9V2,1750
B013CWUMYG,1751
B0011Z82YO,1752
B00839RHJC,1753
B000MIPB6S,1754
B00V2GXD5A,1755
B018WRJYUE,1756
B00YPS7JM0,1757
B015G1W2WG,1758
B000Q74GV6,1759
B00FM7VHUI,1760
B00VTKLYNC,1761
B00CBI1E7M,1762
B00J5940JE,1763
B0002YVMVK,1764
B0022AO92Q,1765
B00208BX4C,1766
B000B4GU0Y,1767
B01CX8HBN0,1768
B000QZ1LYS,1769
B000FCIP0U,1770
B00ID8IUJY,1771
B000VVVEUI,1772
B005CKC1WI,1773
B00CTS5PLK,1774
B00062W6MM,1775
B000CO88C6,1776
B000E5RB5S,1777
B00UNB6ODS,1778
B00HG7H2TM,1779
B00I0TTU1S,1780
B0019O501A,1781
B0045DV04I,1782
B00VV2GFPK,1783
B003FXOUOQ,1784
B00AMGVFSS,1785
B00PQD7GRQ,1786
B00KLEWZ2Q,1787
B00385LJAY,1788
B00843IV06,1789
B01BZ5ND8O,1790
B0006O1ICY,1791
B0061X35XY,1792
B00AMGUZ70,1793
B0002DKAKA,1794
B001B19FDK,1795
B005AIQQEQ,1796
B00MJVKKKI,1797
B005FKYU1K,1798
B000XBEOQW,1799
B0037MOAQS,1800
B00UIZK8VI,1801
B018MG4SFQ,1802
B00O1Q2HOQ,1803
B00C32ME6G,1804
B00NJCCAKY,1805
B01B5RBOA6,1806
B005317ZMC,1807
B004CGOD92,1808
B00DF9YVTE,1809
B000FFIJF8,1810
B000KKML98,1811
B000UKUHXK,1812
B0014DEXNM,1813
B00O14LDKW,1814
B00004Z2HR,1815
B00062N464,1816
B00SCMTMVG,1817
B01GVSC55C,1818
B00207CO7I,1819
B0098PR0BK,1820
B004PD9ULS,1821
B00TDBVW7W,1822
B00ZSQSWTM,1823
B000IJYRK2,1824
B00BPPQ6FW,1825
B017OECD7W,1826
B0096XT0T4,1827
B00U2H451G,1828
B00K33IYTS,1829
B00OAAUAX8,1830
B016MPOVTC,1831
B000XZTD14,1832
B00E5I16BK,1833
B000CINVA6,1834
B004IALV0G,1835
B001F2ACY6,1836
B0050RMTUC,1837
B000LNOSFO,1838
B0015NV5BE,1839
B000CSS8UE,1840
B000093L55,1841
B00Q7V49RQ,1842
B00F17QMN6,1843
B01E1HANLS,1844
B000H5Y6CQ,1845
B002BSWNI6,1846
B015X6HOT0,1847
B002ULILIK,1848
B000BQSG0E,1849
B0014CJ9U0,1850
B001B8RD46,1851
B00004Z2HC,1852
B00CWQLV1M,1853
B018J40IKU,1854
B000CHSHYW,1855
B017AJ0IAA,1856
B0061OSZYC,1857
B017GUBHDK,1858
B01CL1FFPK,1859
B000H5T0KO,1860
B001CJP1VQ,1861
B005DJJGSK,1862
B00TW1K8AA,1863
B00004THYY,1864
B006QOOZMI,1865
B00005IBW1,1866
B000H5OKN6,1867
B01H2SH92Y,1868
B01461R89O,1869
B01D9JG0VQ,1870
B00551ND12,1871
B017J1J4DQ,1872
B003F960Z2,1873
B001CTE18K,1874
B000ZN30U4,1875
B00RLSV1FM,1876
B00MVWGUS6,1877
B0002YWNLS,1878
B0000A605H,1879
B0009XEQ3A,1880
B005Q5LXY6,1881
B00K75QRZA,1882
B010Y25QZ2,1883
B001FD6WZ8,1884
B005PUC5KI,1885
B003H057IU,1886
B00CHEZ250,1887
B0017QNNSM,1888
B0198PVYDO,1889
B009Z9SLTE,1890
B00KSKY0XU,1891
B00CL6FDAS,1892
B000SKZI72,1893
B008DYN1B0,1894
B01E0ZAMM6,1895
B000M5YYIW,1896
B000NI69ZY,1897
B00LORGK7U,1898
B00J0H6NNM,1899
B015I1D1JM,1900
B000BOB18A,1901
B004C4WPXA,1902
B00KJ6U8NE,1903
B01CWYERMS,1904
B00J0GQ2OS,1905
B018298ZLG,1906
B000OLCD9Q,1907
B0093PP62U,1908
B00YQARZ5S,1909
B00M0CS68E,1910
B01E0NA930,1911
B01CGVJ9MU,1912
B002DGOXCA,1913
B00MEZDPS8,1914
B0015T0LZO,1915
B00PF7NU7S,1916
B017MRFFZI,1917
B00023RVNO,1918
B000FXXTOQ,1919
B0002APRLA,1920
B00XXZB5LW,1921
B001DDWQ4Q,1922
B00004RHKX,1923
B00MK00DC8,1924
B002DVWOIA,1925
B00B0Q4KKO,1926
B00ADEJVXK,1927
B00006IC2O,1928
B000IBOOU8,1929
B002MXXXOI,1930
B01C89OZPG,1931
B000F4OYPI,1932
B0058SORF8,1933
B000HBM80M,1934
B00IYFPFV2,1935
B007V5J89G,1936
B00OK9BV8W,1937
B0166GCD42,1938
B00AF8KE0S,1939
B0013TVEYS,1940
B00ECGTK4K,1941
B00WE1FQ8Y,1942
B00K2PXUKK,1943
B000BN7DLU,1944
B00DM8J3MI,1945
B00EYGEU4S,1946
B000QC0XZO,1947
B00XT683UG,1948
B00MMYDAQI,1949
B00HTXR6MG,1950
B0037MK954,1951
B01GCJJBBG,1952
B0015TLB2G,1953
B000C5I3ZW,1954
B002FTOFVY,1955
B00NVQSV92,1956
B00H222E8A,1957
B00C66KT6Q,1958
B01CUL5MO0,1959
B00J0GO8I0,1960
B004YK2KSM,1961
B001QRSBW0,1962
B00MVXL116,1963
B008S0KNZG,1964
B00169YR4E,1965
B005NHF94W,1966
B01BVATI82,1967
B00Y4KOBWK,1968
B005S4QWRI,1969
B00BXUCWQG,1970
B00HCBCF1W,1971
B010FYZJFQ,1972
B00B786TXG,1973
B004TSUA6S,1974
B000LNX6VQ,1975
B002BBD6X4,1976
B0036FQ3FW,1977
B008J3KPF0,1978
B001MPW54G,1979
B000NIG1Z2,1980
B001N7PX6K,1981
B00ZB48NZE,1982
B0185P4MVO,1983
B00FGARIAO,1984
B000NDGV1G,1985
B000A2B0IO,1986
B00BXEIO1E,1987
B00LKQBHVO,1988
B003YFXJRO,1989
B007PM4KPW,1990
B009UYHYE2,1991
B000TGEFV0,1992
B00AZUDGE2,1993
B019PCG0MA,1994
B01FJABHKW,1995
B000RAWD4E,1996
B005V9UYY2,1997
B0132ZPXTC,1998
B00XLU2KBI,1999
B00V3J8JEG,2000
B000234ITO,2001
B00OSRQD1Q,2002
B004RSTCZA,2003
B000I1BWVW,2004
B00004R9U1,2005
B0023EY002,2006
B00S4TS80S,2007
B000BD8MFQ,2008
B01590118U,2009
B00NIBG62E,2010
B014VM98DC,2011
B001FVG3CM,2012
B000087KUA,2013
B0052PLYXA,2014
B000067S12,2015
B01CGVJ9QG,2016
B004MUFHUM,2017
B004EFXO28,2018
B005Y1FAMS,2019
B00Y02P7C0,2020
B000Y1DTRG,2021
B004Y960MU,2022
B00W9C37VG,2023
B01FJ9LUO6,2024
B0000224J0,2025
B009YLNJ4A,2026
B00OOQC2E8,2027
B008LTIYQE,2028
B002WJHEHY,2029
B00597BBZM,2030
B00PJA610Y,2031
B004DGIII8,2032
B0000DD5EN,2033
B00CKL70LO,2034
B000BQO5F4,2035
B00NA00MWS,2036
B008S2F3BS,2037
B00JCFPODM,2038
B001CCINMW,2039
B000Z57B84,2040
B000GG7UAG,2041
B017JCM1WG,2042
B00MVIQ2XS,2043
B01C0KB44I,2044
B009H4AYII,2045
B00EH6IZ6Y,2046
B0011YY9YM,2047
B019PCG5YS,2048
B001V9UQU8,2049
B006TCLQ9M,2050
B00RLTKCPQ,2051
B004SOJIZC,2052
B00MN5X2YG,2053
B00GMP00S4,2054
B004AJVC7M,2055
B00023RXFK,2056
B00DT3W3G4,2057
B019SXN2M2,2058
B0002T6L5M,2059
B004M1BO3U,2060
B000IBQECE,2061
B000EJUBBU,2062
B00PFXK4JY,2063
B004O49X7Y,2064
B006JR8XBG,2065
B01DRVM3MG,2066
B005C49J92,2067
B001VXY8CG,2068
B00J0ECR5I,2069
B01EY6OQXC,2070
B000W22Z5Y,2071
B0013B1XHE,2072
B00WH1QUH2,2073
B00004RHAO,2074
B0009PRFYU,2075
B000REGUBM,2076
B008UB6IKC,2077
B00IR153UG,2078
B00A1SQAY6,2079
B01CWYESZE,2080
B007ADJN4E,2081
B01HJ0UDP0,2082
B0051IB8R0,2083
B00GD7BW9C,2084
B000IYO97I,2085
B001CYERHK,2086
B000I1VB0Y,2087
B00BCVXUR6,2088
B0012A8AWW,2089
B014SNFBHQ,2090
B01DOTB0XE,2091
B0024JF3PW,2092
B00004WCCL,2093
B00OZSL8UE,2094
B010MXJ762,2095
B01EEWI8YY,2096
B0085J0ZTE,2097
B00QQ02U42,2098
B006R9OTS2,2099
B011EFY014,2100
B019IZZKUC,2101
B000H71302,2102
B0056HNRPW,2103
B005N9T036,2104
B000XKUPHU,2105
B002YH1CCC,2106
B00NYWABAA,2107
B00KG8DNKU,2108
B009I2UC3Q,2109
B00DVBLKZE,2110
B00FJXYKDQ,2111
B000BO9CJ0,2112
B002BBQAK0,2113
B016WK9Y3A,2114
B00IJ67MKI,2115
B01FOC6ADE,2116
B007WAKZGA,2117
B00A6ZSW1I,2118
B0000DD5H1,2119
B00DYL38O2,2120
B007Y7E0CQ,2121
B004UUGS7A,2122
B0061OT1A4,2123
B00G9IEMJM,2124
B00YYFJDVO,2125
B000PEW4MI,2126
B004URPZ72,2127
B0006IX85K,2128
B00KS993II,2129
B00JHKTDMA,2130
B00SC09AME,2131
B009VSFZDO,2132
B00ZBH45T4,2133
B00K1JU51O,2134
B002J9SIOU,2135
B0000CBIHF,2136
B0002BBX3U,2137
B00L4SHIFM,2138
B00I8GQ1EC,2139
B005756516,2140
B00JUJ1HLS,2141
B00YCEZJW4,2142
B001VE99X8,2143
B007C5IH4C,2144
B00JJ192NW,2145
B00JR3UXXK,2146
B0080XSES4,2147
B01ADA7TPU,2148
B004S7SPXK,2149
B000HE9T6A,2150
B00G773LC4,2151
